{"train_RMSE_loss": 4699.971843719482, "train_R_squared": 0.022815751363499226, "validation_RMSE_loss": 1064.3707885742188, "validation_R_squared": -1.0554586548138376, "test_RMSE_loss": 1013.0947570800781, "test_R_squared": -3.316685386310601, "training_duration": 5.009785175323486, "inference_latency": 1397336142.824858}