{"validation_accuracy": 0.9776119402985075, "validation_precision": 0.9782176778445436, "validation_recall": 0.9776119402985075}