{"validation_accuracy": 0.9850746268656716, "validation_precision": 0.9850746268656716, "validation_recall": 0.9850746268656716, "validation_f1_score": 0.9850746268656716, "test_accuracy": 0.9924812030075187, "test_precision": 0.9924812030075187, "test_recall": 0.9924812030075187, "test_f1_score": 0.9924812030075187}