{"validation_accuracy": 0.9477611940298507, "validation_precision": 0.9477611940298507, "validation_recall": 0.9477611940298507, "validation_f1_score": 0.9477611940298507}