{"validation_accuracy": 0.9776119402985075, "validation_precision": 0.9776119402985075, "validation_recall": 0.9776119402985075, "validation_f1_score": 0.9776119402985075}