{"validation_accuracy": 0.9626865671641791, "validation_precision": 0.9626865671641791, "validation_recall": 0.9626865671641791, "validation_f1_score": 0.9626865671641791}