{"validation_rmse": 105.26642806110564, "test_rmse": 108.90881578056437}