{"validation_rmse": 99.8335181417543, "validation_r2": 0.2485163999729313, "validation_mae": 79.62342239021343, "test_rmse": 103.45920774874938, "test_r2": 0.382277275432234, "test_mae": 63.259913757066364}