{"train_RMSE_loss": 609991.7270507812, "validation_RMSE_loss": 172649.21240234375, "test_RMSE_loss": 131402.302734375, "training_duration": 1.1178319454193115, "inference_latency": 1397267444.02762}