{"validation_rmse": 4.88601415556261, "validation_r2": 0.9977509170868454, "validation_mae": 1.0970149253731343, "test_rmse": 4.554597776122018, "test_r2": 0.9983164846609371, "test_mae": 1.2255639097744362}