{"validation_rmse": 13.935086716308758, "validation_r2": 0.9902430678180475, "validation_mae": 4.142537313432836, "test_rmse": 17.59549882632966, "test_r2": 0.9713647049472122, "test_mae": 4.609774436090226}