{"validation_rmse": 97.52053197625115, "validation_r2": 0.23417323992587402, "validation_mae": 78.4265520342013, "test_rmse": 129.06835347035152, "test_r2": 0.2760206634109148, "test_mae": 75.9967684362421}