{"validation_rmse": 103.01732091236016, "validation_r2": 0.3055059579062809, "validation_mae": 74.28606965174129}