{"train_RMSE_loss": 550612.7014160156, "validation_RMSE_loss": 143847.96313476562, "test_RMSE_loss": 266714.4990234375, "training_duration": 1.7992990016937256, "inference_latency": 1397267301.7599838}