{"validation_rmse": 8.61486761537495, "validation_r2": 0.9962710105801009, "validation_mae": 1.9884714495780569, "test_rmse": 1.6580807782988525, "test_r2": 0.9997457213688697, "test_mae": 1.0430864612271282}