{"validation_rmse": 95.74550853863242, "validation_r2": 0.37881814073532005, "validation_mae": 68.50328525141204, "test_rmse": 108.16918529593852, "test_r2": 0.49149673139794314, "test_mae": 64.73358532037714}