{"validation_rmse": 102.97371876538823, "validation_r2": 0.30609372358896025, "validation_mae": 74.32231412084766}