{"validation_rmse": 2.665612467353066, "validation_r2": 0.9993305933130653, "validation_mae": 1.185190743152774, "test_rmse": 1.621781543365233, "test_r2": 0.9997865472641895, "test_mae": 1.1302108985306307}