{"train_RMSE_loss": 4499.8479652404785, "validation_RMSE_loss": 1259.9717445373535, "test_RMSE_loss": 829.9316864013672, "training_duration": 5.640785217285156, "inference_latency": 1397269948.1492608}