{"train_RMSE_loss": 696991.5417480469, "validation_RMSE_loss": 142562.49853515625, "test_RMSE_loss": 103341.85009765625, "training_duration": 1.4096589088439941, "inference_latency": 1397267136.5673747}