{"validation_rmse": 253699720203.12552, "validation_r2": -3.2339545467059866e+18, "validation_mae": 210432158534.4786, "test_rmse": 263975063010.19974, "test_r2": -6.445020452977876e+18, "test_mae": 225886117826.37988}