{"validation_rmse": 493138285206.1043, "validation_r2": -2.291044188546546e+19, "validation_mae": 333223937971.7998, "test_rmse": 602075061301.238, "test_r2": -2.941834896665583e+19, "test_mae": 375581347772.25433}