{"validation_rmse": 126656408327.12694, "validation_r2": -1.237205822766556e+17, "validation_mae": 41733798353.17893, "test_rmse": 70334492326.43253, "test_r2": -2.1499251768674e+17, "test_mae": 44881727095.36215}