{"validation_rmse": 100.16460019829556, "validation_r2": 0.3434367873470574, "validation_mae": 73.79855277478599}