{"train_accuracy": 0.5620405982905984, "train_precision": 0.39062358919570445, "train_recall": 0.5620405982905984, "validation_accuracy": 0.6522222222222223, "validation_precision": 0.46980597643097644, "validation_recall": 0.46980597643097644, "test_accuracy": 0.6226851851851852, "test_precision": 0.3935667438271605, "test_recall": 0.6226851851851852, "training_duration": 12.460721254348755, "inference_latency": 6.635983784993489e-05}