{"validation_rmse": 106.24605731772333, "test_rmse": 93.98967404463642}