{"validation_rmse": 98.2884954971604, "validation_r2": 0.3442485170891231, "validation_mae": 70.02347496210061, "test_rmse": 98.47186185042032, "test_r2": 0.4403975847520516, "test_mae": 56.54435068663154}