{"validation_accuracy": 1.0, "validation_precision": 1.0, "validation_recall": 1.0, "validation_f1_score": 1.0, "test_accuracy": 0.9924812030075187, "test_precision": 0.9924812030075187, "test_recall": 0.9924812030075187, "test_f1_score": 0.9924812030075187}