{"validation_rmse": 97.27081612003015, "validation_r2": 0.38082538741915206, "validation_mae": 72.95059701492538}