{"validation_rmse": 16.74182571759152, "validation_r2": 0.9859168576750017, "validation_mae": 2.3952238805970145, "test_rmse": 2.399498067814104, "test_r2": 0.9994674758539898, "test_mae": 0.7742857142857148}