{"validation_rmse": 2.217510428877183, "validation_r2": 0.9995367372654762, "validation_mae": 0.7421993208560393, "test_rmse": 2.077732907555584, "test_r2": 0.9996496545716334, "test_mae": 0.7849114470881394}