{"validation_rmse": 92.76041513292805, "validation_r2": 0.3251278496818326, "validation_mae": 71.44032640740565, "test_rmse": 112.98597181163179, "test_r2": 0.4452009838690588, "test_mae": 66.90100917502357}