{"validation_accuracy": 0.8805970149253731, "validation_precision": 0.9033557701687641, "validation_recall": 0.8805970149253731}