{"validation_rmse": 96.61812147500162, "validation_r2": 0.3362718700829035, "validation_mae": 71.80989554571536, "test_rmse": 92.61809659552597, "test_r2": 0.5049523713815611, "test_mae": 55.48049521257466}