{"validation_rmse": 103.01671468186494, "test_rmse": 99.85707969887181}