{"train_cross_entropy_loss": 0.0, "train_accuracy": 0.5861431623931624, "train_precision": 0.5861431623931624, "train_recall": 0.5861431623931624, "train_f1_error": 0.5861431623931624, "validation_cross_entropy_loss": 0.0, "validation_accuracy": 0.6204166666666666, "test_cross_entropy_loss": 0.0, "test_accuracy": 0.6203703703703703, "training_duration": 23.35096502304077, "inference_latency": 6.496906280517578e-05}